index,timestamp_iso,timestamp_ms
1,2026-08-29T23:54:15+05:30,19388762
2,2026-08-29T23:54:15+05:30,19388969
3,2026-08-29T23:54:16+05:30,19389194
4,2026-08-29T23:54:16+05:30,19389401
5,2026-08-29T23:54:16+05:30,19389610
6,2026-08-29T23:54:16+05:30,19389830
7,2026-08-29T23:54:16+05:30,19390039
8,2026-08-29T23:54:17+05:30,19390281
9,2026-08-29T23:54:17+05:30,19390505
10,2026-08-29T23:54:17+05:30,19390713
11,2026-08-29T23:54:17+05:30,19390954
12,2026-08-29T23:54:18+05:30,19391176
13,2026-08-29T23:54:18+05:30,19391384
14,2026-08-29T23:54:18+05:30,19391624
15,2026-08-29T23:54:18+05:30,19391851
16,2026-08-29T23:54:18+05:30,19392086
17,2026-08-29T23:54:19+05:30,19392297
18,2026-08-29T23:54:19+05:30,19392519
19,2026-08-29T23:54:19+05:30,19392730
20,2026-08-29T23:54:19+05:30,19392969
21,2026-08-29T23:54:20+05:30,19393194
22,2026-08-29T23:54:20+05:30,19393397
23,2026-08-29T23:54:20+05:30,19393637
24,2026-08-29T23:54:20+05:30,19393862
25,2026-08-29T23:54:20+05:30,19394071
26,2026-08-29T23:54:21+05:30,19394274
27,2026-08-29T23:54:21+05:30,19394503
28,2026-08-29T23:54:21+05:30,19394716
29,2026-08-29T23:54:21+05:30,19394918
30,2026-08-29T23:54:22+05:30,19395128
31,2026-08-29T23:54:22+05:30,19395352
32,2026-08-29T23:54:22+05:30,19395560
33,2026-08-29T23:54:22+05:30,19395765
34,2026-08-29T23:54:22+05:30,19395990
35,2026-08-29T23:54:23+05:30,19396198
36,2026-08-29T23:54:23+05:30,19396439
37,2026-08-29T23:54:23+05:30,19396662
38,2026-08-29T23:54:23+05:30,19396872
39,2026-08-29T23:54:23+05:30,19397110
40,2026-08-29T23:54:24+05:30,19397333
41,2026-08-29T23:54:24+05:30,19397544
42,2026-08-29T23:54:24+05:30,19397781
43,2026-08-29T23:54:24+05:30,19398011
44,2026-08-29T23:54:25+05:30,19398217
45,2026-08-29T23:54:25+05:30,19398454
46,2026-08-29T23:54:25+05:30,19398682
47,2026-08-29T23:54:25+05:30,19398888
48,2026-08-29T23:54:26+05:30,19399128
49,2026-08-29T23:54:26+05:30,19399353
50,2026-08-29T23:54:26+05:30,19399558
51,2026-08-29T23:54:26+05:30,19399798
52,2026-08-29T23:54:26+05:30,19400023
53,2026-08-29T23:54:27+05:30,19400234
54,2026-08-29T23:54:27+05:30,19400502
55,2026-08-29T23:54:27+05:30,19400729
56,2026-08-29T23:54:27+05:30,19400953
57,2026-08-29T23:54:28+05:30,19401159
58,2026-08-29T23:54:28+05:30,19401383
59,2026-08-29T23:54:28+05:30,19401624
60,2026-08-29T23:54:28+05:30,19401848
61,2026-08-29T23:54:28+05:30,19402092
62,2026-08-29T23:54:29+05:30,19402299
63,2026-08-29T23:54:29+05:30,19402523
64,2026-08-29T23:54:29+05:30,19402727
65,2026-08-29T23:54:29+05:30,19402971
66,2026-08-29T23:54:30+05:30,19403194
67,2026-08-29T23:54:30+05:30,19403406
68,2026-08-29T23:54:30+05:30,19403644
69,2026-08-29T23:54:30+05:30,19403865
70,2026-08-29T23:54:30+05:30,19404075
71,2026-08-29T23:54:31+05:30,19404318
72,2026-08-29T23:54:31+05:30,19404540
73,2026-08-29T23:54:31+05:30,19404752
74,2026-08-29T23:54:31+05:30,19404954
75,2026-08-29T23:54:32+05:30,19405179
76,2026-08-29T23:54:32+05:30,19405386
77,2026-08-29T23:54:32+05:30,19405595
78,2026-08-29T23:54:32+05:30,19405805
79,2026-08-29T23:54:32+05:30,19406026
80,2026-08-29T23:54:33+05:30,19406236
81,2026-08-29T23:54:33+05:30,19406438
82,2026-08-29T23:54:33+05:30,19406664
83,2026-08-29T23:54:33+05:30,19406874
84,2026-08-29T23:54:33+05:30,19407113
85,2026-08-29T23:54:34+05:30,19407336
86,2026-08-29T23:54:34+05:30,19407545
87,2026-08-29T23:54:34+05:30,19407783
88,2026-08-29T23:54:34+05:30,19408030
89,2026-08-29T23:54:35+05:30,19408266
90,2026-08-29T23:54:35+05:30,19408488
91,2026-08-29T23:54:35+05:30,19408699
92,2026-08-29T23:54:35+05:30,19408940
93,2026-08-29T23:54:36+05:30,19409163
94,2026-08-29T23:54:36+05:30,19409369
95,2026-08-29T23:54:36+05:30,19409613
96,2026-08-29T23:54:36+05:30,19409834
97,2026-08-29T23:54:36+05:30,19410046
98,2026-08-29T23:54:37+05:30,19410268
