index,timestamp_iso,timestamp_ms,filename
1,2026-08-30T00:47:36+05:30,22589306,frame_000001.jpg
2,2026-08-30T00:47:36+05:30,22589406,frame_000002.jpg
3,2026-08-30T00:47:36+05:30,22589541,frame_000003.jpg
4,2026-08-30T00:47:36+05:30,22589667,frame_000004.jpg
5,2026-08-30T00:47:36+05:30,22589770,frame_000005.jpg
6,2026-08-30T00:47:36+05:30,22589875,frame_000006.jpg
7,2026-08-30T00:47:36+05:30,22590000,frame_000007.jpg
8,2026-08-30T00:47:37+05:30,22590130,frame_000008.jpg
9,2026-08-30T00:47:37+05:30,22590245,frame_000009.jpg
10,2026-08-30T00:47:37+05:30,22590368,frame_000010.jpg
11,2026-08-30T00:47:37+05:30,22590513,frame_000011.jpg
12,2026-08-30T00:47:37+05:30,22590626,frame_000012.jpg
13,2026-08-30T00:47:37+05:30,22590767,frame_000013.jpg
14,2026-08-30T00:47:37+05:30,22590868,frame_000014.jpg
15,2026-08-30T00:47:37+05:30,22590978,frame_000015.jpg
16,2026-08-30T00:47:37+05:30,22591095,frame_000016.jpg
17,2026-08-30T00:47:38+05:30,22591215,frame_000017.jpg
18,2026-08-30T00:47:38+05:30,22591333,frame_000018.jpg
19,2026-08-30T00:47:38+05:30,22591458,frame_000019.jpg
20,2026-08-30T00:47:38+05:30,22591582,frame_000020.jpg
21,2026-08-30T00:47:38+05:30,22591698,frame_000021.jpg
22,2026-08-30T00:47:38+05:30,22591825,frame_000022.jpg
23,2026-08-30T00:47:38+05:30,22591953,frame_000023.jpg
24,2026-08-30T00:47:38+05:30,22592064,frame_000024.jpg
25,2026-08-30T00:47:39+05:30,22592195,frame_000025.jpg
26,2026-08-30T00:47:39+05:30,22592337,frame_000026.jpg
